timestamp,schema_version,ticker,catalyst_type,event_date,score,rules_fired,score_components,trailing_baseline_pct,outcome,realized_move_pct,abs_move_pct,move_ratio,resolved_at,note
2026-05-27T10:53:13+00:00,1,CRM,earnings,2026-05-27,3.50,vol_compression_3q|vol_compression_severe|has_history|has_deep_history|insider_silent,"{""has_deep_history"": 0.5, ""has_history"": 0.5, ""insider_silent"": -0.5, ""vol_compression_3q"": 1.5, ""vol_compression_severe"": 1.5}",1.0583,MISS,-0.8767,0.8767,0.83,2026-05-28T22:31:25+00:00,"MISS: scored 3.5, realized -0.88% (baseline 1.06%, ratio 0.83x)"
2026-05-27T10:53:13+00:00,1,MRVL,earnings,2026-05-27,0.50,has_history|has_deep_history|insider_silent,"{""has_deep_history"": 0.5, ""has_history"": 0.5, ""insider_silent"": -0.5}",1.7287,HIT,-4.5904,4.5904,2.66,2026-05-28T22:31:25+00:00,"HIT: scored 0.5, realized -4.59% (baseline 1.73%, ratio 2.66x)"
2026-05-27T10:53:13+00:00,1,SNOW,earnings,2026-05-27,0.50,has_history|has_deep_history|insider_silent,"{""has_deep_history"": 0.5, ""has_history"": 0.5, ""insider_silent"": -0.5}",1.4670,MISS,-1.3176,1.3176,0.90,2026-05-28T22:31:25+00:00,"MISS: scored 0.5, realized -1.32% (baseline 1.47%, ratio 0.90x)"
2026-05-27T10:53:13+00:00,1,SNPS,earnings,2026-05-27,2.00,vol_saturation_3q|vol_saturation_extreme|has_history|has_deep_history|insider_silent,"{""has_deep_history"": 0.5, ""has_history"": 0.5, ""insider_silent"": -0.5, ""vol_saturation_3q"": 1.0, ""vol_saturation_extreme"": 0.5}",1.4895,HIT,-1.6163,1.6163,1.09,2026-05-28T22:31:25+00:00,"HIT: scored 2.0, realized -1.62% (baseline 1.49%, ratio 1.09x)"
2026-05-27T10:53:13+00:00,1,COST,earnings,2026-05-28,0.50,has_history|has_deep_history|insider_silent,"{""has_deep_history"": 0.5, ""has_history"": 0.5, ""insider_silent"": -0.5}",1.0534,MISS,-0.8459,0.8459,0.80,2026-05-29T22:27:12+00:00,"MISS: scored 0.5, realized -0.85% (baseline 1.05%, ratio 0.80x)"
2026-05-27T10:53:13+00:00,1,DELL,earnings,2026-05-28,0.50,has_history|has_deep_history|insider_silent,"{""has_deep_history"": 0.5, ""has_history"": 0.5, ""insider_silent"": -0.5}",1.2956,HIT,3.8419,3.8419,2.97,2026-05-29T22:27:12+00:00,"HIT: scored 0.5, realized +3.84% (baseline 1.30%, ratio 2.97x)"
2026-05-27T10:53:13+00:00,1,DLTR,earnings,2026-05-28,1.50,has_history|has_deep_history|high_vol_baseline|insider_silent,"{""has_deep_history"": 0.5, ""has_history"": 0.5, ""high_vol_baseline"": 1.0, ""insider_silent"": -0.5}",6.6479,HIT,17.8679,17.8679,2.69,2026-05-29T22:27:12+00:00,"HIT: scored 1.5, realized +17.87% (baseline 6.65%, ratio 2.69x)"
2026-05-27T10:53:13+00:00,1,ESTC,earnings,2026-05-28,0.50,has_history|has_deep_history|insider_silent,"{""has_deep_history"": 0.5, ""has_history"": 0.5, ""insider_silent"": -0.5}",2.0036,HIT,6.8831,6.8831,3.44,2026-05-29T22:27:12+00:00,"HIT: scored 0.5, realized +6.88% (baseline 2.00%, ratio 3.44x)"
2026-05-27T10:53:14+00:00,1,MDB,earnings,2026-05-28,0.50,has_history|has_deep_history|insider_silent,"{""has_deep_history"": 0.5, ""has_history"": 0.5, ""insider_silent"": -0.5}",2.8020,HIT,10.6025,10.6025,3.78,2026-05-29T22:27:12+00:00,"HIT: scored 0.5, realized +10.60% (baseline 2.80%, ratio 3.78x)"
2026-05-27T10:53:14+00:00,1,NTAP,earnings,2026-05-28,1.50,vol_saturation_3q|has_history|has_deep_history|insider_silent,"{""has_deep_history"": 0.5, ""has_history"": 0.5, ""insider_silent"": -0.5, ""vol_saturation_3q"": 1.0}",0.8800,MISS,-0.2382,0.2382,0.27,2026-05-29T22:27:12+00:00,"MISS: scored 1.5, realized -0.24% (baseline 0.88%, ratio 0.27x)"
2026-05-27T10:53:14+00:00,1,OKTA,earnings,2026-05-28,0.50,has_history|has_deep_history|insider_silent,"{""has_deep_history"": 0.5, ""has_history"": 0.5, ""insider_silent"": -0.5}",1.2512,HIT,5.8324,5.8324,4.66,2026-05-29T22:27:12+00:00,"HIT: scored 0.5, realized +5.83% (baseline 1.25%, ratio 4.66x)"
2026-05-27T10:53:14+00:00,1,PATH,earnings,2026-05-28,2.50,vol_compression_3q|vol_saturation_extreme|has_history|has_deep_history|insider_silent,"{""has_deep_history"": 0.5, ""has_history"": 0.5, ""insider_silent"": -0.5, ""vol_compression_3q"": 1.5, ""vol_saturation_extreme"": 0.5}",0.6601,HIT,3.7634,3.7634,5.70,2026-05-29T22:27:12+00:00,"HIT: scored 2.5, realized +3.76% (baseline 0.66%, ratio 5.70x)"
2026-05-27T10:53:14+00:00,1,S,earnings,2026-05-28,0.50,has_history|has_deep_history|insider_silent,"{""has_deep_history"": 0.5, ""has_history"": 0.5, ""insider_silent"": -0.5}",2.0959,MISS,0.3900,0.3900,0.19,2026-05-29T22:27:12+00:00,"MISS: scored 0.5, realized +0.39% (baseline 2.10%, ratio 0.19x)"
2026-05-27T10:53:14+00:00,1,HPE,earnings,2026-06-01,0.50,has_history|has_deep_history|insider_silent,"{""has_deep_history"": 0.5, ""has_history"": 0.5, ""insider_silent"": -0.5}",1.7357,HIT,9.2007,9.2007,5.30,2026-06-02T22:59:36+00:00,"HIT: scored 0.5, realized +9.20% (baseline 1.74%, ratio 5.30x)"
2026-05-27T10:53:14+00:00,1,DG,earnings,2026-06-02,1.50,has_history|has_deep_history|high_vol_baseline|insider_silent,"{""has_deep_history"": 0.5, ""has_history"": 0.5, ""high_vol_baseline"": 1.0, ""insider_silent"": -0.5}",7.4778,MISS,-3.3294,3.3294,0.45,2026-06-03T23:03:04+00:00,"MISS: scored 1.5, realized -3.33% (baseline 7.48%, ratio 0.45x)"
2026-05-27T10:53:14+00:00,1,GTLB,earnings,2026-06-02,0.50,has_history|has_deep_history|insider_silent,"{""has_deep_history"": 0.5, ""has_history"": 0.5, ""insider_silent"": -0.5}",1.2295,HIT,-5.8301,5.8301,4.74,2026-06-03T23:03:04+00:00,"HIT: scored 0.5, realized -5.83% (baseline 1.23%, ratio 4.74x)"
2026-05-27T10:53:14+00:00,1,PANW,earnings,2026-06-02,0.50,has_history|has_deep_history|insider_silent,"{""has_deep_history"": 0.5, ""has_history"": 0.5, ""insider_silent"": -0.5}",1.5536,MISS,-1.0982,1.0982,0.71,2026-06-03T23:03:04+00:00,"MISS: scored 0.5, realized -1.10% (baseline 1.55%, ratio 0.71x)"
2026-05-27T10:53:14+00:00,1,AVGO,earnings,2026-06-03,2.00,vol_compression_3q|has_history|has_deep_history|insider_silent,"{""has_deep_history"": 0.5, ""has_history"": 0.5, ""insider_silent"": -0.5, ""vol_compression_3q"": 1.5}",2.2102,MISS,-0.4859,0.4859,0.22,2026-06-04T22:20:00+00:00,"MISS: scored 2.0, realized -0.49% (baseline 2.21%, ratio 0.22x)"
2026-05-27T10:53:14+00:00,1,CRWD,earnings,2026-06-03,0.50,has_history|has_deep_history|insider_silent,"{""has_deep_history"": 0.5, ""has_history"": 0.5, ""insider_silent"": -0.5}",1.8159,HIT,-2.7752,2.7752,1.53,2026-06-04T22:20:00+00:00,"HIT: scored 0.5, realized -2.78% (baseline 1.82%, ratio 1.53x)"
2026-05-27T10:53:14+00:00,1,LULU,earnings,2026-06-03,0.50,has_history|has_deep_history|insider_silent,"{""has_deep_history"": 0.5, ""has_history"": 0.5, ""insider_silent"": -0.5}",0.9877,MISS,-0.3479,0.3479,0.35,2026-06-04T22:20:00+00:00,"MISS: scored 0.5, realized -0.35% (baseline 0.99%, ratio 0.35x)"
2026-05-27T10:53:14+00:00,1,MDT,earnings,2026-06-03,0.50,has_history|has_deep_history|insider_silent,"{""has_deep_history"": 0.5, ""has_history"": 0.5, ""insider_silent"": -0.5}",3.7359,HIT,5.6949,5.6949,1.52,2026-06-04T22:20:00+00:00,"HIT: scored 0.5, realized +5.69% (baseline 3.74%, ratio 1.52x)"
2026-05-27T10:53:14+00:00,1,RH,earnings,2026-06-10,0.50,has_history|has_deep_history|insider_silent,"{""has_deep_history"": 0.5, ""has_history"": 0.5, ""insider_silent"": -0.5}",3.3572,MISS,-0.9328,0.9328,0.28,2026-06-11T22:50:50+00:00,"MISS: scored 0.5, realized -0.93% (baseline 3.36%, ratio 0.28x)"
2026-05-27T10:53:14+00:00,1,ADBE,earnings,2026-06-11,1.50,vol_saturation_3q|has_history|has_deep_history|insider_silent,"{""has_deep_history"": 0.5, ""has_history"": 0.5, ""insider_silent"": -0.5, ""vol_saturation_3q"": 1.0}",0.5335,HIT,-6.2473,6.2473,11.71,2026-06-12T22:23:08+00:00,"HIT: scored 1.5, realized -6.25% (baseline 0.53%, ratio 11.71x)"
2026-05-27T10:53:14+00:00,1,ORCL,earnings,2026-06-16,0.50,has_history|has_deep_history|insider_silent,"{""has_deep_history"": 0.5, ""has_history"": 0.5, ""insider_silent"": -0.5}",0.9924,HIT,-2.2373,2.2373,2.25,2026-06-17T22:45:28+00:00,"HIT: scored 0.5, realized -2.24% (baseline 0.99%, ratio 2.25x)"
2026-05-27T10:53:14+00:00,1,ACN,earnings,2026-06-18,1.50,has_history|has_deep_history|high_vol_baseline|insider_silent,"{""has_deep_history"": 0.5, ""has_history"": 0.5, ""high_vol_baseline"": 1.0, ""insider_silent"": -0.5}",6.9600,HIT,-17.9668,17.9668,2.58,2026-06-19T22:02:24+00:00,"HIT: scored 1.5, realized -17.97% (baseline 6.96%, ratio 2.58x)"
2026-05-27T10:53:14+00:00,1,KR,earnings,2026-06-18,0.50,has_history|has_deep_history|insider_silent,"{""has_deep_history"": 0.5, ""has_history"": 0.5, ""insider_silent"": -0.5}",3.1837,HIT,-8.4277,8.4277,2.65,2026-06-19T22:02:24+00:00,"HIT: scored 0.5, realized -8.43% (baseline 3.18%, ratio 2.65x)"
2026-05-27T10:53:14+00:00,1,FDX,earnings,2026-06-23,2.00,vol_compression_3q|has_history|has_deep_history|insider_silent,"{""has_deep_history"": 0.5, ""has_history"": 0.5, ""insider_silent"": -0.5, ""vol_compression_3q"": 1.5}",0.5246,HIT,-3.5099,3.5099,6.69,2026-06-24T22:13:18+00:00,"HIT: scored 2.0, realized -3.51% (baseline 0.52%, ratio 6.69x)"
2026-05-27T10:53:14+00:00,1,GIS,earnings,2026-06-23,0.50,has_history|has_deep_history|insider_silent,"{""has_deep_history"": 0.5, ""has_history"": 0.5, ""insider_silent"": -0.5}",2.5577,HIT,3.2693,3.2693,1.28,2026-06-24T22:13:18+00:00,"HIT: scored 0.5, realized +3.27% (baseline 2.56%, ratio 1.28x)"
2026-05-27T10:53:14+00:00,1,MU,earnings,2026-06-23,2.00,vol_compression_3q|has_history|has_deep_history|insider_silent,"{""has_deep_history"": 0.5, ""has_history"": 0.5, ""insider_silent"": -0.5, ""vol_compression_3q"": 1.5}",1.4020,HIT,-13.1759,13.1759,9.40,2026-06-24T22:13:18+00:00,"HIT: scored 2.0, realized -13.18% (baseline 1.40%, ratio 9.40x)"
2026-05-27T10:53:14+00:00,1,NKE,earnings,2026-06-24,2.00,vol_saturation_3q|vol_saturation_extreme|has_history|has_deep_history|insider_silent,"{""has_deep_history"": 0.5, ""has_history"": 0.5, ""insider_silent"": -0.5, ""vol_saturation_3q"": 1.0, ""vol_saturation_extreme"": 0.5}",0.6872,HIT,-1.3214,1.3214,1.92,2026-06-25T22:19:59+00:00,"HIT: scored 2.0, realized -1.32% (baseline 0.69%, ratio 1.92x)"
2026-06-04T16:25:11+00:00,1,ORCL,earnings,2026-06-10,0.50,has_history|has_deep_history|insider_silent,"{""has_deep_history"": 0.5, ""has_history"": 0.5, ""insider_silent"": -0.5}",0.9924,HIT,-2.2108,2.2108,2.23,2026-06-11T22:50:50+00:00,"HIT: scored 0.5, realized -2.21% (baseline 0.99%, ratio 2.23x)"
2026-06-10T16:40:43+00:00,1,MU,earnings,2026-06-24,3.50,vol_compression_3q|vol_compression_severe|has_history|has_deep_history|insider_silent,"{""has_deep_history"": 0.5, ""has_history"": 0.5, ""insider_silent"": -0.5, ""vol_compression_3q"": 1.5, ""vol_compression_severe"": 1.5}",1.4020,MISS,-0.3100,0.3100,0.22,2026-06-25T22:19:59+00:00,"MISS: scored 3.5, realized -0.31% (baseline 1.40%, ratio 0.22x)"
2026-06-15T18:01:13+00:00,1,STZ,earnings,2026-06-29,0.50,has_history|has_deep_history|insider_silent,"{""has_deep_history"": 0.5, ""has_history"": 0.5, ""insider_silent"": -0.5}",3.2649,HIT,-4.5386,4.5386,1.39,2026-06-30T22:15:05+00:00,"HIT: scored 0.5, realized -4.54% (baseline 3.26%, ratio 1.39x)"
2026-06-16T18:08:53+00:00,1,STZ,earnings,2026-06-30,0.50,has_history|has_deep_history|insider_silent,"{""has_deep_history"": 0.5, ""has_history"": 0.5, ""insider_silent"": -0.5}",3.2649,MISS,-0.4081,0.4081,0.13,2026-07-01T22:17:54+00:00,"MISS: scored 0.5, realized -0.41% (baseline 3.26%, ratio 0.13x)"
2026-06-25T15:44:47+00:00,1,PEP,earnings,2026-07-09,3.50,vol_compression_3q|vol_compression_severe|has_history|has_deep_history|insider_silent,"{""has_deep_history"": 0.5, ""has_history"": 0.5, ""insider_silent"": -0.5, ""vol_compression_3q"": 1.5, ""vol_compression_severe"": 1.5}",2.6749,HIT,-3.2629,3.2629,1.22,2026-07-10T21:57:55+00:00,"HIT: scored 3.5, realized -3.26% (baseline 2.67%, ratio 1.22x)"
2026-06-26T15:29:04+00:00,1,UNH,earnings,2026-07-10,1.50,has_history|has_deep_history|high_vol_baseline|insider_silent,"{""has_deep_history"": 0.5, ""has_history"": 0.5, ""high_vol_baseline"": 1.0, ""insider_silent"": -0.5}",6.2708,MISS,-1.6355,1.6355,0.26,2026-07-13T21:52:24+00:00,"MISS: scored 1.5, realized -1.64% (baseline 6.27%, ratio 0.26x)"
2026-06-29T16:42:12+00:00,1,FAST,earnings,2026-07-13,1.50,has_history|has_deep_history|high_vol_baseline|insider_silent,"{""has_deep_history"": 0.5, ""has_history"": 0.5, ""high_vol_baseline"": 1.0, ""insider_silent"": -0.5}",6.4509,PENDING,,,,,
2026-06-29T16:42:12+00:00,1,JBHT,earnings,2026-07-13,0.50,has_history|has_deep_history|insider_silent,"{""has_deep_history"": 0.5, ""has_history"": 0.5, ""insider_silent"": -0.5}",1.5531,PENDING,,,,,
2026-06-30T15:34:41+00:00,1,JNJ,earnings,2026-07-14,2.00,vol_compression_3q|has_history|has_deep_history|insider_silent,"{""has_deep_history"": 0.5, ""has_history"": 0.5, ""insider_silent"": -0.5, ""vol_compression_3q"": 1.5}",1.7906,PENDING,,,,,
2026-07-01T15:48:45+00:00,1,ABT,earnings,2026-07-15,1.50,vol_saturation_3q|has_history|has_deep_history|insider_silent,"{""has_deep_history"": 0.5, ""has_history"": 0.5, ""insider_silent"": -0.5, ""vol_saturation_3q"": 1.0}",2.9321,PENDING,,,,,
2026-07-01T15:48:45+00:00,1,ELV,earnings,2026-07-15,3.50,vol_compression_3q|vol_compression_severe|has_history|has_deep_history|insider_silent,"{""has_deep_history"": 0.5, ""has_history"": 0.5, ""insider_silent"": -0.5, ""vol_compression_3q"": 1.5, ""vol_compression_severe"": 1.5}",2.9537,PENDING,,,,,
2026-07-01T15:48:45+00:00,1,GE,earnings,2026-07-15,1.50,has_history|has_deep_history|high_vol_baseline|insider_silent,"{""has_deep_history"": 0.5, ""has_history"": 0.5, ""high_vol_baseline"": 1.0, ""insider_silent"": -0.5}",6.3815,PENDING,,,,,
2026-07-01T15:48:45+00:00,1,JNJ,earnings,2026-07-15,2.00,vol_compression_3q|has_history|has_deep_history|insider_silent,"{""has_deep_history"": 0.5, ""has_history"": 0.5, ""insider_silent"": -0.5, ""vol_compression_3q"": 1.5}",1.7906,PENDING,,,,,
2026-07-01T15:48:45+00:00,1,PEP,earnings,2026-07-15,3.50,vol_compression_3q|vol_compression_severe|has_history|has_deep_history|insider_silent,"{""has_deep_history"": 0.5, ""has_history"": 0.5, ""insider_silent"": -0.5, ""vol_compression_3q"": 1.5, ""vol_compression_severe"": 1.5}",2.6749,PENDING,,,,,
2026-07-01T15:48:45+00:00,1,SNA,earnings,2026-07-15,4.50,vol_compression_3q|vol_compression_severe|has_history|has_deep_history|high_vol_baseline|insider_silent,"{""has_deep_history"": 0.5, ""has_history"": 0.5, ""high_vol_baseline"": 1.0, ""insider_silent"": -0.5, ""vol_compression_3q"": 1.5, ""vol_compression_severe"": 1.5}",7.4987,PENDING,,,,,
2026-07-02T15:22:54+00:00,1,BIIB,earnings,2026-07-16,0.50,has_history|has_deep_history|insider_silent,"{""has_deep_history"": 0.5, ""has_history"": 0.5, ""insider_silent"": -0.5}",3.5476,PENDING,,,,,
2026-07-02T15:22:54+00:00,1,GE,earnings,2026-07-16,1.50,has_history|has_deep_history|high_vol_baseline|insider_silent,"{""has_deep_history"": 0.5, ""has_history"": 0.5, ""high_vol_baseline"": 1.0, ""insider_silent"": -0.5}",6.3815,PENDING,,,,,
2026-07-02T15:22:54+00:00,1,HRI,earnings,2026-07-16,1.50,has_history|has_deep_history|high_vol_baseline|insider_silent,"{""has_deep_history"": 0.5, ""has_history"": 0.5, ""high_vol_baseline"": 1.0, ""insider_silent"": -0.5}",6.1388,PENDING,,,,,
2026-07-02T15:22:54+00:00,1,ISRG,earnings,2026-07-16,2.00,vol_saturation_3q|vol_saturation_extreme|has_history|has_deep_history|insider_silent,"{""has_deep_history"": 0.5, ""has_history"": 0.5, ""insider_silent"": -0.5, ""vol_saturation_3q"": 1.0, ""vol_saturation_extreme"": 0.5}",0.6757,PENDING,,,,,
2026-07-02T15:22:54+00:00,1,MMM,earnings,2026-07-16,4.50,vol_compression_3q|vol_compression_severe|has_history|has_deep_history|high_vol_baseline|insider_silent,"{""has_deep_history"": 0.5, ""has_history"": 0.5, ""high_vol_baseline"": 1.0, ""insider_silent"": -0.5, ""vol_compression_3q"": 1.5, ""vol_compression_severe"": 1.5}",5.3063,PENDING,,,,,
2026-07-02T15:22:54+00:00,1,SNA,earnings,2026-07-16,4.50,vol_compression_3q|vol_compression_severe|has_history|has_deep_history|high_vol_baseline|insider_silent,"{""has_deep_history"": 0.5, ""has_history"": 0.5, ""high_vol_baseline"": 1.0, ""insider_silent"": -0.5, ""vol_compression_3q"": 1.5, ""vol_compression_severe"": 1.5}",7.4987,PENDING,,,,,
2026-07-02T15:22:54+00:00,1,STX,earnings,2026-07-16,1.50,vol_saturation_3q|has_history|has_deep_history|insider_silent,"{""has_deep_history"": 0.5, ""has_history"": 0.5, ""insider_silent"": -0.5, ""vol_saturation_3q"": 1.0}",0.7552,PENDING,,,,,
2026-07-02T15:22:54+00:00,1,UNH,earnings,2026-07-16,1.50,has_history|has_deep_history|high_vol_baseline|insider_silent,"{""has_deep_history"": 0.5, ""has_history"": 0.5, ""high_vol_baseline"": 1.0, ""insider_silent"": -0.5}",6.2708,PENDING,,,,,
2026-07-06T16:27:20+00:00,1,AOS,earnings,2026-07-20,0.50,has_history|has_deep_history|insider_silent,"{""has_deep_history"": 0.5, ""has_history"": 0.5, ""insider_silent"": -0.5}",3.1086,PENDING,,,,,
2026-07-06T16:27:20+00:00,1,DHR,earnings,2026-07-20,3.50,vol_compression_3q|vol_compression_severe|has_history|has_deep_history|insider_silent,"{""has_deep_history"": 0.5, ""has_history"": 0.5, ""insider_silent"": -0.5, ""vol_compression_3q"": 1.5, ""vol_compression_severe"": 1.5}",4.3419,PENDING,,,,,
2026-07-06T16:27:20+00:00,1,ENPH,earnings,2026-07-20,0.50,has_history|has_deep_history|insider_silent,"{""has_deep_history"": 0.5, ""has_history"": 0.5, ""insider_silent"": -0.5}",2.7293,PENDING,,,,,
2026-07-06T16:27:20+00:00,1,ISRG,earnings,2026-07-20,2.00,vol_saturation_3q|vol_saturation_extreme|has_history|has_deep_history|insider_silent,"{""has_deep_history"": 0.5, ""has_history"": 0.5, ""insider_silent"": -0.5, ""vol_saturation_3q"": 1.0, ""vol_saturation_extreme"": 0.5}",0.6757,PENDING,,,,,
2026-07-06T16:27:20+00:00,1,KO,earnings,2026-07-20,1.50,vol_saturation_3q|has_history|has_deep_history|insider_silent,"{""has_deep_history"": 0.5, ""has_history"": 0.5, ""insider_silent"": -0.5, ""vol_saturation_3q"": 1.0}",1.0326,PENDING,,,,,
2026-07-06T16:27:20+00:00,1,LMT,earnings,2026-07-20,0.50,has_history|has_deep_history|insider_silent,"{""has_deep_history"": 0.5, ""has_history"": 0.5, ""insider_silent"": -0.5}",3.5988,PENDING,,,,,
2026-07-06T16:27:20+00:00,1,NOC,earnings,2026-07-20,1.50,vol_saturation_3q|has_history|has_deep_history|insider_silent,"{""has_deep_history"": 0.5, ""has_history"": 0.5, ""insider_silent"": -0.5, ""vol_saturation_3q"": 1.0}",2.7173,PENDING,,,,,
2026-07-06T16:27:20+00:00,1,PCAR,earnings,2026-07-20,0.50,has_history|has_deep_history|insider_silent,"{""has_deep_history"": 0.5, ""has_history"": 0.5, ""insider_silent"": -0.5}",4.1512,PENDING,,,,,
2026-07-06T16:27:20+00:00,1,PNR,earnings,2026-07-20,1.50,vol_saturation_3q|has_history|has_deep_history|insider_silent,"{""has_deep_history"": 0.5, ""has_history"": 0.5, ""insider_silent"": -0.5, ""vol_saturation_3q"": 1.0}",3.5411,PENDING,,,,,
2026-07-06T16:27:20+00:00,1,RTX,earnings,2026-07-20,1.50,has_history|has_deep_history|high_vol_baseline|insider_silent,"{""has_deep_history"": 0.5, ""has_history"": 0.5, ""high_vol_baseline"": 1.0, ""insider_silent"": -0.5}",6.2536,PENDING,,,,,
2026-07-06T16:27:20+00:00,1,SBUX,earnings,2026-07-20,0.50,has_history|has_deep_history|insider_silent,"{""has_deep_history"": 0.5, ""has_history"": 0.5, ""insider_silent"": -0.5}",0.3476,PENDING,,,,,
2026-07-06T16:27:20+00:00,1,TXN,earnings,2026-07-20,0.50,has_history|has_deep_history|insider_silent,"{""has_deep_history"": 0.5, ""has_history"": 0.5, ""insider_silent"": -0.5}",1.2196,PENDING,,,,,
2026-07-07T15:48:10+00:00,1,BSX,earnings,2026-07-21,2.00,vol_saturation_3q|vol_saturation_extreme|has_history|has_deep_history|insider_silent,"{""has_deep_history"": 0.5, ""has_history"": 0.5, ""insider_silent"": -0.5, ""vol_saturation_3q"": 1.0, ""vol_saturation_extreme"": 0.5}",1.2186,PENDING,,,,,
2026-07-07T15:48:10+00:00,1,CMG,earnings,2026-07-21,3.50,vol_compression_3q|vol_compression_severe|has_history|has_deep_history|insider_silent,"{""has_deep_history"": 0.5, ""has_history"": 0.5, ""insider_silent"": -0.5, ""vol_compression_3q"": 1.5, ""vol_compression_severe"": 1.5}",0.9072,PENDING,,,,,
2026-07-07T15:48:10+00:00,1,CSX,earnings,2026-07-21,3.50,vol_compression_3q|vol_compression_severe|has_history|has_deep_history|insider_silent,"{""has_deep_history"": 0.5, ""has_history"": 0.5, ""insider_silent"": -0.5, ""vol_compression_3q"": 1.5, ""vol_compression_severe"": 1.5}",1.3633,PENDING,,,,,
2026-07-07T15:48:10+00:00,1,DHR,earnings,2026-07-21,3.50,vol_compression_3q|vol_compression_severe|has_history|has_deep_history|insider_silent,"{""has_deep_history"": 0.5, ""has_history"": 0.5, ""insider_silent"": -0.5, ""vol_compression_3q"": 1.5, ""vol_compression_severe"": 1.5}",4.3419,PENDING,,,,,
2026-07-07T15:48:10+00:00,1,GD,earnings,2026-07-21,1.50,vol_saturation_3q|has_history|has_deep_history|insider_silent,"{""has_deep_history"": 0.5, ""has_history"": 0.5, ""insider_silent"": -0.5, ""vol_saturation_3q"": 1.0}",3.6455,PENDING,,,,,
2026-07-07T15:48:10+00:00,1,GM,earnings,2026-07-21,4.50,vol_compression_3q|vol_compression_severe|has_history|has_deep_history|high_vol_baseline|insider_silent,"{""has_deep_history"": 0.5, ""has_history"": 0.5, ""high_vol_baseline"": 1.0, ""insider_silent"": -0.5, ""vol_compression_3q"": 1.5, ""vol_compression_severe"": 1.5}",5.3952,PENDING,,,,,
2026-07-07T15:48:10+00:00,1,GOOGL,earnings,2026-07-21,3.50,vol_compression_3q|vol_compression_severe|has_history|has_deep_history|insider_silent,"{""has_deep_history"": 0.5, ""has_history"": 0.5, ""insider_silent"": -0.5, ""vol_compression_3q"": 1.5, ""vol_compression_severe"": 1.5}",1.7338,PENDING,,,,,
2026-07-07T15:48:10+00:00,1,HLT,earnings,2026-07-21,0.50,has_history|has_deep_history|insider_silent,"{""has_deep_history"": 0.5, ""has_history"": 0.5, ""insider_silent"": -0.5}",1.8412,PENDING,,,,,
2026-07-07T15:48:10+00:00,1,JBHT,earnings,2026-07-21,0.50,has_history|has_deep_history|insider_silent,"{""has_deep_history"": 0.5, ""has_history"": 0.5, ""insider_silent"": -0.5}",1.5531,PENDING,,,,,
2026-07-07T15:48:10+00:00,1,KNX,earnings,2026-07-21,0.50,has_history|has_deep_history|insider_silent,"{""has_deep_history"": 0.5, ""has_history"": 0.5, ""insider_silent"": -0.5}",1.1826,PENDING,,,,,
2026-07-07T15:48:10+00:00,1,LVS,earnings,2026-07-21,0.50,has_history|has_deep_history|insider_silent,"{""has_deep_history"": 0.5, ""has_history"": 0.5, ""insider_silent"": -0.5}",1.2807,PENDING,,,,,
2026-07-07T15:48:10+00:00,1,NOC,earnings,2026-07-21,1.50,vol_saturation_3q|has_history|has_deep_history|insider_silent,"{""has_deep_history"": 0.5, ""has_history"": 0.5, ""insider_silent"": -0.5, ""vol_saturation_3q"": 1.0}",2.7173,PENDING,,,,,
2026-07-07T15:48:10+00:00,1,NOW,earnings,2026-07-21,0.50,has_history|has_deep_history|insider_silent,"{""has_deep_history"": 0.5, ""has_history"": 0.5, ""insider_silent"": -0.5}",1.8068,PENDING,,,,,
2026-07-07T15:48:10+00:00,1,ORLY,earnings,2026-07-21,3.50,vol_compression_3q|vol_compression_severe|has_history|has_deep_history|insider_silent,"{""has_deep_history"": 0.5, ""has_history"": 0.5, ""insider_silent"": -0.5, ""vol_compression_3q"": 1.5, ""vol_compression_severe"": 1.5}",0.4218,PENDING,,,,,
2026-07-07T15:48:10+00:00,1,TMO,earnings,2026-07-21,1.50,vol_saturation_3q|has_history|has_deep_history|insider_silent,"{""has_deep_history"": 0.5, ""has_history"": 0.5, ""insider_silent"": -0.5, ""vol_saturation_3q"": 1.0}",2.8796,PENDING,,,,,
2026-07-07T15:48:10+00:00,1,TSLA,earnings,2026-07-21,3.50,vol_compression_3q|vol_compression_severe|has_history|has_deep_history|insider_silent,"{""has_deep_history"": 0.5, ""has_history"": 0.5, ""insider_silent"": -0.5, ""vol_compression_3q"": 1.5, ""vol_compression_severe"": 1.5}",2.1490,PENDING,,,,,
2026-07-07T15:48:10+00:00,1,URI,earnings,2026-07-21,3.50,vol_compression_3q|vol_compression_severe|has_history|has_deep_history|insider_silent,"{""has_deep_history"": 0.5, ""has_history"": 0.5, ""insider_silent"": -0.5, ""vol_compression_3q"": 1.5, ""vol_compression_severe"": 1.5}",1.1378,PENDING,,,,,
2026-07-07T15:48:11+00:00,1,VKTX,earnings,2026-07-21,1.50,vol_saturation_3q|has_history|has_deep_history|insider_silent,"{""has_deep_history"": 0.5, ""has_history"": 0.5, ""insider_silent"": -0.5, ""vol_saturation_3q"": 1.0}",1.3330,PENDING,,,,,
2026-07-08T15:27:50+00:00,1,CSX,earnings,2026-07-22,3.50,vol_compression_3q|vol_compression_severe|has_history|has_deep_history|insider_silent,"{""has_deep_history"": 0.5, ""has_history"": 0.5, ""insider_silent"": -0.5, ""vol_compression_3q"": 1.5, ""vol_compression_severe"": 1.5}",1.3633,PENDING,,,,,
2026-07-08T15:27:50+00:00,1,DECK,earnings,2026-07-22,1.50,vol_saturation_3q|has_history|has_deep_history|insider_silent,"{""has_deep_history"": 0.5, ""has_history"": 0.5, ""insider_silent"": -0.5, ""vol_saturation_3q"": 1.0}",1.7557,PENDING,,,,,
2026-07-08T15:27:50+00:00,1,DOV,earnings,2026-07-22,0.50,has_history|has_deep_history|insider_silent,"{""has_deep_history"": 0.5, ""has_history"": 0.5, ""insider_silent"": -0.5}",3.8764,PENDING,,,,,
2026-07-08T15:27:50+00:00,1,ELV,earnings,2026-07-22,3.50,vol_compression_3q|vol_compression_severe|has_history|has_deep_history|insider_silent,"{""has_deep_history"": 0.5, ""has_history"": 0.5, ""insider_silent"": -0.5, ""vol_compression_3q"": 1.5, ""vol_compression_severe"": 1.5}",2.9537,PENDING,,,,,
2026-07-08T15:27:50+00:00,1,EW,earnings,2026-07-22,2.00,vol_saturation_3q|vol_saturation_extreme|has_history|has_deep_history|insider_silent,"{""has_deep_history"": 0.5, ""has_history"": 0.5, ""insider_silent"": -0.5, ""vol_saturation_3q"": 1.0, ""vol_saturation_extreme"": 0.5}",0.3177,PENDING,,,,,
2026-07-08T15:27:50+00:00,1,HON,earnings,2026-07-22,4.50,vol_compression_3q|vol_compression_severe|has_history|has_deep_history|high_vol_baseline|insider_silent,"{""has_deep_history"": 0.5, ""has_history"": 0.5, ""high_vol_baseline"": 1.0, ""insider_silent"": -0.5, ""vol_compression_3q"": 1.5, ""vol_compression_severe"": 1.5}",5.1717,PENDING,,,,,
2026-07-08T15:27:51+00:00,1,IBM,earnings,2026-07-22,2.00,vol_saturation_3q|vol_saturation_extreme|has_history|has_deep_history|insider_silent,"{""has_deep_history"": 0.5, ""has_history"": 0.5, ""insider_silent"": -0.5, ""vol_saturation_3q"": 1.0, ""vol_saturation_extreme"": 0.5}",0.3653,PENDING,,,,,
2026-07-08T15:27:51+00:00,1,INTC,earnings,2026-07-22,0.50,has_history|has_deep_history|insider_silent,"{""has_deep_history"": 0.5, ""has_history"": 0.5, ""insider_silent"": -0.5}",1.5423,PENDING,,,,,
2026-07-08T15:27:51+00:00,1,LVS,earnings,2026-07-22,0.50,has_history|has_deep_history|insider_silent,"{""has_deep_history"": 0.5, ""has_history"": 0.5, ""insider_silent"": -0.5}",1.2807,PENDING,,,,,
2026-07-08T15:27:51+00:00,1,PM,earnings,2026-07-22,1.50,vol_saturation_3q|has_history|has_deep_history|insider_silent,"{""has_deep_history"": 0.5, ""has_history"": 0.5, ""insider_silent"": -0.5, ""vol_saturation_3q"": 1.0}",2.6591,PENDING,,,,,
2026-07-08T15:27:51+00:00,1,TSLA,earnings,2026-07-22,3.50,vol_compression_3q|vol_compression_severe|has_history|has_deep_history|insider_silent,"{""has_deep_history"": 0.5, ""has_history"": 0.5, ""insider_silent"": -0.5, ""vol_compression_3q"": 1.5, ""vol_compression_severe"": 1.5}",2.1490,PENDING,,,,,
2026-07-08T15:27:51+00:00,1,TXN,earnings,2026-07-22,0.50,has_history|has_deep_history|insider_silent,"{""has_deep_history"": 0.5, ""has_history"": 0.5, ""insider_silent"": -0.5}",1.2196,PENDING,,,,,
2026-07-08T15:27:51+00:00,1,UNP,earnings,2026-07-22,1.50,vol_saturation_3q|has_history|has_deep_history|insider_silent,"{""has_deep_history"": 0.5, ""has_history"": 0.5, ""insider_silent"": -0.5, ""vol_saturation_3q"": 1.0}",3.2668,PENDING,,,,,
2026-07-08T15:27:51+00:00,1,WAB,earnings,2026-07-22,4.50,vol_compression_3q|vol_compression_severe|has_history|has_deep_history|high_vol_baseline|insider_silent,"{""has_deep_history"": 0.5, ""has_history"": 0.5, ""high_vol_baseline"": 1.0, ""insider_silent"": -0.5, ""vol_compression_3q"": 1.5, ""vol_compression_severe"": 1.5}",5.0334,PENDING,,,,,
2026-07-08T15:27:51+00:00,1,WST,earnings,2026-07-22,1.50,has_history|has_deep_history|high_vol_baseline|insider_silent,"{""has_deep_history"": 0.5, ""has_history"": 0.5, ""high_vol_baseline"": 1.0, ""insider_silent"": -0.5}",11.3270,PENDING,,,,,
2026-07-09T16:04:05+00:00,1,AOS,earnings,2026-07-23,0.50,has_history|has_deep_history|insider_silent,"{""has_deep_history"": 0.5, ""has_history"": 0.5, ""insider_silent"": -0.5}",3.1086,PENDING,,,,,
2026-07-09T16:04:05+00:00,1,DECK,earnings,2026-07-23,1.50,vol_saturation_3q|has_history|has_deep_history|insider_silent,"{""has_deep_history"": 0.5, ""has_history"": 0.5, ""insider_silent"": -0.5, ""vol_saturation_3q"": 1.0}",1.7557,PENDING,,,,,
2026-07-09T16:04:05+00:00,1,DOV,earnings,2026-07-23,0.50,has_history|has_deep_history|insider_silent,"{""has_deep_history"": 0.5, ""has_history"": 0.5, ""insider_silent"": -0.5}",3.8764,PENDING,,,,,
2026-07-09T16:04:05+00:00,1,DXCM,earnings,2026-07-23,1.50,vol_saturation_3q|has_history|has_deep_history|insider_silent,"{""has_deep_history"": 0.5, ""has_history"": 0.5, ""insider_silent"": -0.5, ""vol_saturation_3q"": 1.0}",1.2934,PENDING,,,,,
2026-07-09T16:04:05+00:00,1,EW,earnings,2026-07-23,2.00,vol_saturation_3q|vol_saturation_extreme|has_history|has_deep_history|insider_silent,"{""has_deep_history"": 0.5, ""has_history"": 0.5, ""insider_silent"": -0.5, ""vol_saturation_3q"": 1.0, ""vol_saturation_extreme"": 0.5}",0.3177,PENDING,,,,,
2026-07-09T16:04:05+00:00,1,HON,earnings,2026-07-23,4.50,vol_compression_3q|vol_compression_severe|has_history|has_deep_history|high_vol_baseline|insider_silent,"{""has_deep_history"": 0.5, ""has_history"": 0.5, ""high_vol_baseline"": 1.0, ""insider_silent"": -0.5, ""vol_compression_3q"": 1.5, ""vol_compression_severe"": 1.5}",5.1717,PENDING,,,,,
2026-07-09T16:04:05+00:00,1,HSY,earnings,2026-07-23,0.50,has_history|has_deep_history|insider_silent,"{""has_deep_history"": 0.5, ""has_history"": 0.5, ""insider_silent"": -0.5}",2.4478,PENDING,,,,,
2026-07-09T16:04:05+00:00,1,INTC,earnings,2026-07-23,0.50,has_history|has_deep_history|insider_silent,"{""has_deep_history"": 0.5, ""has_history"": 0.5, ""insider_silent"": -0.5}",1.5423,PENDING,,,,,
2026-07-09T16:04:05+00:00,1,KLAC,earnings,2026-07-23,3.50,vol_compression_3q|vol_compression_severe|has_history|has_deep_history|insider_silent,"{""has_deep_history"": 0.5, ""has_history"": 0.5, ""insider_silent"": -0.5, ""vol_compression_3q"": 1.5, ""vol_compression_severe"": 1.5}",2.8893,PENDING,,,,,
2026-07-09T16:04:05+00:00,1,LMT,earnings,2026-07-23,0.50,has_history|has_deep_history|insider_silent,"{""has_deep_history"": 0.5, ""has_history"": 0.5, ""insider_silent"": -0.5}",3.5988,PENDING,,,,,
2026-07-09T16:04:05+00:00,1,MLM,earnings,2026-07-23,3.50,vol_compression_3q|vol_compression_severe|has_history|has_deep_history|insider_silent,"{""has_deep_history"": 0.5, ""has_history"": 0.5, ""insider_silent"": -0.5, ""vol_compression_3q"": 1.5, ""vol_compression_severe"": 1.5}",2.7611,PENDING,,,,,
2026-07-09T16:04:05+00:00,1,NSC,earnings,2026-07-23,3.50,vol_compression_3q|vol_compression_severe|has_history|has_deep_history|insider_silent,"{""has_deep_history"": 0.5, ""has_history"": 0.5, ""insider_silent"": -0.5, ""vol_compression_3q"": 1.5, ""vol_compression_severe"": 1.5}",1.6305,PENDING,,,,,
2026-07-09T16:04:05+00:00,1,RTX,earnings,2026-07-23,1.50,has_history|has_deep_history|high_vol_baseline|insider_silent,"{""has_deep_history"": 0.5, ""has_history"": 0.5, ""high_vol_baseline"": 1.0, ""insider_silent"": -0.5}",6.2536,PENDING,,,,,
2026-07-09T16:04:05+00:00,1,SAIA,earnings,2026-07-23,4.50,vol_compression_3q|vol_compression_severe|has_history|has_deep_history|high_vol_baseline|insider_silent,"{""has_deep_history"": 0.5, ""has_history"": 0.5, ""high_vol_baseline"": 1.0, ""insider_silent"": -0.5, ""vol_compression_3q"": 1.5, ""vol_compression_severe"": 1.5}",12.8699,PENDING,,,,,
2026-07-09T16:04:05+00:00,1,TMO,earnings,2026-07-23,1.50,vol_saturation_3q|has_history|has_deep_history|insider_silent,"{""has_deep_history"": 0.5, ""has_history"": 0.5, ""insider_silent"": -0.5, ""vol_saturation_3q"": 1.0}",2.8796,PENDING,,,,,
2026-07-09T16:04:05+00:00,1,UNP,earnings,2026-07-23,1.50,vol_saturation_3q|has_history|has_deep_history|insider_silent,"{""has_deep_history"": 0.5, ""has_history"": 0.5, ""insider_silent"": -0.5, ""vol_saturation_3q"": 1.0}",3.2668,PENDING,,,,,
2026-07-09T16:04:05+00:00,1,WAB,earnings,2026-07-23,4.50,vol_compression_3q|vol_compression_severe|has_history|has_deep_history|high_vol_baseline|insider_silent,"{""has_deep_history"": 0.5, ""has_history"": 0.5, ""high_vol_baseline"": 1.0, ""insider_silent"": -0.5, ""vol_compression_3q"": 1.5, ""vol_compression_severe"": 1.5}",5.0334,PENDING,,,,,
2026-07-10T15:36:45+00:00,1,ABBV,earnings,2026-07-24,0.50,has_history|has_deep_history|insider_silent,"{""has_deep_history"": 0.5, ""has_history"": 0.5, ""insider_silent"": -0.5}",3.8503,PENDING,,,,,
2026-07-10T15:36:45+00:00,1,SAIA,earnings,2026-07-24,4.50,vol_compression_3q|vol_compression_severe|has_history|has_deep_history|high_vol_baseline|insider_silent,"{""has_deep_history"": 0.5, ""has_history"": 0.5, ""high_vol_baseline"": 1.0, ""insider_silent"": -0.5, ""vol_compression_3q"": 1.5, ""vol_compression_severe"": 1.5}",12.8699,PENDING,,,,,
2026-07-13T15:46:28+00:00,1,BKNG,earnings,2026-07-27,0.50,has_history|has_deep_history|insider_silent,"{""has_deep_history"": 0.5, ""has_history"": 0.5, ""insider_silent"": -0.5}",1.6184,PENDING,,,,,
2026-07-13T15:46:28+00:00,1,CDNS,earnings,2026-07-27,2.00,vol_compression_3q|has_history|has_deep_history|insider_silent,"{""has_deep_history"": 0.5, ""has_history"": 0.5, ""insider_silent"": -0.5, ""vol_compression_3q"": 1.5}",1.7102,PENDING,,,,,
2026-07-13T15:46:28+00:00,1,EXEL,earnings,2026-07-27,2.00,vol_compression_3q|has_history|has_deep_history|insider_silent,"{""has_deep_history"": 0.5, ""has_history"": 0.5, ""insider_silent"": -0.5, ""vol_compression_3q"": 1.5}",0.9290,PENDING,,,,,
2026-07-13T15:46:28+00:00,1,GEHC,earnings,2026-07-27,1.50,vol_saturation_3q|has_history|has_deep_history|insider_silent,"{""has_deep_history"": 0.5, ""has_history"": 0.5, ""insider_silent"": -0.5, ""vol_saturation_3q"": 1.0}",4.3360,PENDING,,,,,
2026-07-13T15:46:28+00:00,1,INCY,earnings,2026-07-27,0.50,has_history|has_deep_history|insider_silent,"{""has_deep_history"": 0.5, ""has_history"": 0.5, ""insider_silent"": -0.5}",2.0611,PENDING,,,,,
2026-07-13T15:46:28+00:00,1,JCI,earnings,2026-07-27,4.50,vol_compression_3q|vol_compression_severe|has_history|has_deep_history|high_vol_baseline|insider_silent,"{""has_deep_history"": 0.5, ""has_history"": 0.5, ""high_vol_baseline"": 1.0, ""insider_silent"": -0.5, ""vol_compression_3q"": 1.5, ""vol_compression_severe"": 1.5}",6.5222,PENDING,,,,,
2026-07-13T15:46:28+00:00,1,RSG,earnings,2026-07-27,1.50,vol_saturation_3q|has_history|has_deep_history|insider_silent,"{""has_deep_history"": 0.5, ""has_history"": 0.5, ""insider_silent"": -0.5, ""vol_saturation_3q"": 1.0}",0.3797,PENDING,,,,,
2026-07-13T15:46:28+00:00,1,SOFI,earnings,2026-07-27,1.50,has_history|has_deep_history|high_vol_baseline|insider_silent,"{""has_deep_history"": 0.5, ""has_history"": 0.5, ""high_vol_baseline"": 1.0, ""insider_silent"": -0.5}",8.3511,PENDING,,,,,
2026-07-14T15:03:30+00:00,1,ADM,earnings,2026-07-28,0.50,has_history|has_deep_history|insider_silent,"{""has_deep_history"": 0.5, ""has_history"": 0.5, ""insider_silent"": -0.5}",3.4411,PENDING,,,,,
2026-07-14T15:03:30+00:00,1,BA,earnings,2026-07-28,1.50,vol_saturation_3q|has_history|has_deep_history|insider_silent,"{""has_deep_history"": 0.5, ""has_history"": 0.5, ""insider_silent"": -0.5, ""vol_saturation_3q"": 1.0}",2.7029,PENDING,,,,,
2026-07-14T15:03:30+00:00,1,CHRW,earnings,2026-07-28,2.00,vol_compression_3q|has_history|has_deep_history|insider_silent,"{""has_deep_history"": 0.5, ""has_history"": 0.5, ""insider_silent"": -0.5, ""vol_compression_3q"": 1.5}",1.5268,PENDING,,,,,
2026-07-14T15:03:30+00:00,1,ENPH,earnings,2026-07-28,0.50,has_history|has_deep_history|insider_silent,"{""has_deep_history"": 0.5, ""has_history"": 0.5, ""insider_silent"": -0.5}",2.7293,PENDING,,,,,
2026-07-14T15:03:30+00:00,1,ETSY,earnings,2026-07-28,2.00,vol_saturation_3q|vol_saturation_extreme|has_history|has_deep_history|insider_silent,"{""has_deep_history"": 0.5, ""has_history"": 0.5, ""insider_silent"": -0.5, ""vol_saturation_3q"": 1.0, ""vol_saturation_extreme"": 0.5}",2.1133,PENDING,,,,,
2026-07-14T15:03:30+00:00,1,F,earnings,2026-07-28,0.50,has_history|has_deep_history|insider_silent,"{""has_deep_history"": 0.5, ""has_history"": 0.5, ""insider_silent"": -0.5}",1.3171,PENDING,,,,,
2026-07-14T15:03:30+00:00,1,GNRC,earnings,2026-07-28,2.00,vol_saturation_3q|vol_saturation_extreme|has_history|has_deep_history|insider_silent,"{""has_deep_history"": 0.5, ""has_history"": 0.5, ""insider_silent"": -0.5, ""vol_saturation_3q"": 1.0, ""vol_saturation_extreme"": 0.5}",3.5668,PENDING,,,,,
2026-07-14T15:03:30+00:00,1,GOOGL,earnings,2026-07-28,3.50,vol_compression_3q|vol_compression_severe|has_history|has_deep_history|insider_silent,"{""has_deep_history"": 0.5, ""has_history"": 0.5, ""insider_silent"": -0.5, ""vol_compression_3q"": 1.5, ""vol_compression_severe"": 1.5}",1.7338,PENDING,,,,,
2026-07-14T15:03:30+00:00,1,HOOD,earnings,2026-07-28,1.50,vol_saturation_3q|has_history|has_deep_history|insider_silent,"{""has_deep_history"": 0.5, ""has_history"": 0.5, ""insider_silent"": -0.5, ""vol_saturation_3q"": 1.0}",1.0968,PENDING,,,,,
2026-07-14T15:03:30+00:00,1,HUBB,earnings,2026-07-28,0.50,has_history|has_deep_history|insider_silent,"{""has_deep_history"": 0.5, ""has_history"": 0.5, ""insider_silent"": -0.5}",4.0525,PENDING,,,,,
2026-07-14T15:03:30+00:00,1,IONS,earnings,2026-07-28,0.50,has_history|has_deep_history|insider_silent,"{""has_deep_history"": 0.5, ""has_history"": 0.5, ""insider_silent"": -0.5}",2.4340,PENDING,,,,,
2026-07-14T15:03:30+00:00,1,ITW,earnings,2026-07-28,1.50,vol_saturation_3q|has_history|has_deep_history|insider_silent,"{""has_deep_history"": 0.5, ""has_history"": 0.5, ""insider_silent"": -0.5, ""vol_saturation_3q"": 1.0}",1.4059,PENDING,,,,,
2026-07-14T15:03:30+00:00,1,KHC,earnings,2026-07-28,0.50,has_history|has_deep_history|insider_silent,"{""has_deep_history"": 0.5, ""has_history"": 0.5, ""insider_silent"": -0.5}",3.1600,PENDING,,,,,
2026-07-14T15:03:30+00:00,1,KMB,earnings,2026-07-28,3.50,vol_compression_3q|vol_compression_severe|has_history|has_deep_history|insider_silent,"{""has_deep_history"": 0.5, ""has_history"": 0.5, ""insider_silent"": -0.5, ""vol_compression_3q"": 1.5, ""vol_compression_severe"": 1.5}",3.7890,PENDING,,,,,
2026-07-14T15:03:30+00:00,1,KO,earnings,2026-07-28,1.50,vol_saturation_3q|has_history|has_deep_history|insider_silent,"{""has_deep_history"": 0.5, ""has_history"": 0.5, ""insider_silent"": -0.5, ""vol_saturation_3q"": 1.0}",1.0326,PENDING,,,,,
2026-07-14T15:03:30+00:00,1,LMT,earnings,2026-07-28,0.50,has_history|has_deep_history|insider_silent,"{""has_deep_history"": 0.5, ""has_history"": 0.5, ""insider_silent"": -0.5}",3.5988,PENDING,,,,,
2026-07-14T15:03:30+00:00,1,LRCX,earnings,2026-07-28,1.50,vol_saturation_3q|has_history|has_deep_history|insider_silent,"{""has_deep_history"": 0.5, ""has_history"": 0.5, ""insider_silent"": -0.5, ""vol_saturation_3q"": 1.0}",1.1983,PENDING,,,,,
2026-07-14T15:03:30+00:00,1,MDLZ,earnings,2026-07-28,1.50,vol_saturation_3q|has_history|has_deep_history|insider_silent,"{""has_deep_history"": 0.5, ""has_history"": 0.5, ""insider_silent"": -0.5, ""vol_saturation_3q"": 1.0}",0.8318,PENDING,,,,,
2026-07-14T15:03:30+00:00,1,MMM,earnings,2026-07-28,4.50,vol_compression_3q|vol_compression_severe|has_history|has_deep_history|high_vol_baseline|insider_silent,"{""has_deep_history"": 0.5, ""has_history"": 0.5, ""high_vol_baseline"": 1.0, ""insider_silent"": -0.5, ""vol_compression_3q"": 1.5, ""vol_compression_severe"": 1.5}",5.3063,PENDING,,,,,
2026-07-14T15:03:30+00:00,1,MSFT,earnings,2026-07-28,0.50,has_history|has_deep_history|insider_silent,"{""has_deep_history"": 0.5, ""has_history"": 0.5, ""insider_silent"": -0.5}",0.6301,PENDING,,,,,
2026-07-14T15:03:30+00:00,1,NBIX,earnings,2026-07-28,3.50,vol_compression_3q|vol_compression_severe|has_history|has_deep_history|insider_silent,"{""has_deep_history"": 0.5, ""has_history"": 0.5, ""insider_silent"": -0.5, ""vol_compression_3q"": 1.5, ""vol_compression_severe"": 1.5}",3.7740,PENDING,,,,,
2026-07-14T15:03:30+00:00,1,PCAR,earnings,2026-07-28,0.50,has_history|has_deep_history|insider_silent,"{""has_deep_history"": 0.5, ""has_history"": 0.5, ""insider_silent"": -0.5}",4.1512,PENDING,,,,,
2026-07-14T15:03:30+00:00,1,PNR,earnings,2026-07-28,1.50,vol_saturation_3q|has_history|has_deep_history|insider_silent,"{""has_deep_history"": 0.5, ""has_history"": 0.5, ""insider_silent"": -0.5, ""vol_saturation_3q"": 1.0}",3.5411,PENDING,,,,,
2026-07-14T15:03:30+00:00,1,PYPL,earnings,2026-07-28,1.50,vol_saturation_3q|has_history|has_deep_history|insider_silent,"{""has_deep_history"": 0.5, ""has_history"": 0.5, ""insider_silent"": -0.5, ""vol_saturation_3q"": 1.0}",2.6128,PENDING,,,,,
2026-07-14T15:03:30+00:00,1,QCOM,earnings,2026-07-28,1.50,vol_saturation_3q|has_history|has_deep_history|insider_silent,"{""has_deep_history"": 0.5, ""has_history"": 0.5, ""insider_silent"": -0.5, ""vol_saturation_3q"": 1.0}",1.7382,PENDING,,,,,
2026-07-14T15:03:30+00:00,1,RTX,earnings,2026-07-28,1.50,has_history|has_deep_history|high_vol_baseline|insider_silent,"{""has_deep_history"": 0.5, ""has_history"": 0.5, ""high_vol_baseline"": 1.0, ""insider_silent"": -0.5}",6.2536,PENDING,,,,,
2026-07-14T15:03:30+00:00,1,TENB,earnings,2026-07-28,2.00,vol_saturation_3q|vol_saturation_extreme|has_history|has_deep_history|insider_silent,"{""has_deep_history"": 0.5, ""has_history"": 0.5, ""insider_silent"": -0.5, ""vol_saturation_3q"": 1.0, ""vol_saturation_extreme"": 0.5}",1.1894,PENDING,,,,,
2026-07-14T15:03:30+00:00,1,UPS,earnings,2026-07-28,1.50,has_history|has_deep_history|high_vol_baseline|insider_silent,"{""has_deep_history"": 0.5, ""has_history"": 0.5, ""high_vol_baseline"": 1.0, ""insider_silent"": -0.5}",5.6080,PENDING,,,,,
2026-07-14T15:03:30+00:00,1,WDC,earnings,2026-07-28,1.50,vol_saturation_3q|has_history|has_deep_history|insider_silent,"{""has_deep_history"": 0.5, ""has_history"": 0.5, ""insider_silent"": -0.5, ""vol_saturation_3q"": 1.0}",2.6121,PENDING,,,,,
2026-07-14T15:03:30+00:00,1,WING,earnings,2026-07-28,4.50,vol_compression_3q|vol_compression_severe|has_history|has_deep_history|high_vol_baseline|insider_silent,"{""has_deep_history"": 0.5, ""has_history"": 0.5, ""high_vol_baseline"": 1.0, ""insider_silent"": -0.5, ""vol_compression_3q"": 1.5, ""vol_compression_severe"": 1.5}",5.9366,PENDING,,,,,
2026-07-14T15:03:30+00:00,1,WM,earnings,2026-07-28,0.50,has_history|has_deep_history|insider_silent,"{""has_deep_history"": 0.5, ""has_history"": 0.5, ""insider_silent"": -0.5}",0.6616,PENDING,,,,,
